monoisotopic_mass,specificity_type,modification_name,amino_acid_specificity,protein_prospector_name
42.010565,2,Acetyl,K,Acetyl (K)
42.010565,5,Acetyl,N-term,Acetyl (N-term)
42.010565,3,Acetyl,N-term,Acetyl (N-term)
226.077598,3,Biotin,N-term,Biotin (N-term)
57.021464,2,Carbamidomethyl,C,Carbamidomethyl (C)
57.021464,3,Carbamidomethyl,N-term,Carbamidomethyl (N-term)
43.005814,2,Carbamyl,K,Carbamyl (K)
43.005814,3,Carbamyl,N-term,Carbamyl (N-term)
43.005814,5,Carbamyl,N-term,Carbamyl (N-term)
58.005479,2,Carboxymethyl,C,Carboxymethyl (C)
-48.003371,2,Dethiomethyl,M,Dethiomethyl (M)
0.984016,2,Deamidation,Q,Deamidated (Q)
0.984016,2,Deamidation,R,Deamidated (R)
0.984016,2,Deamidation,N,Deamidated (N)
0.984016,5,Deamidation,F,Deamidated (F)
-18.010565,6,Dehydrated,C-term,Dehydrated (C-term)
-18.010565,2,Dehydrated,D,Dehydrated (D)
-18.010565,2,Dehydrated,ST,Dehydrated (ST)
31.989829,2,Dioxidation,C,Dioxidation (C)
31.989829,2,Dioxidation,M,Dioxidation (M)
31.989829,2,Dioxidation,W,Dioxidation (W)
120.0245,2,DTT_C,C,DTT_C (C)
126.062161,2,DTT_C:2H(6),C,DTT_C:2H(6) (C)
27.994915,2,Formyl,K,Formyl (K)
27.994915,5,Formyl,N-term,Formyl (N-term)
27.994915,3,Formyl,N-term,Formyl (N-term)
27.994915,2,Formyl,ST,Formyl (ST)
114.042927,2,GlyGly,C,GlyGly (C)
214.990469,2,IDEnT,C,IDEnT (C)
304.20536,2,iTRAQ8plex,K,iTRAQ8plex (K)
304.20536,3,iTRAQ8plex,N-term,iTRAQ8plex (N-term)
304.20536,5,iTRAQ8plex,N-term,iTRAQ8plex (N-term)
304.20536,2,iTRAQ8plex,Y,iTRAQ8plex (Y)
7.017164,2,Label:13C(6)15N(1),L,Label:13C(6)15N(1) (L)
0.997035,2,Label:15N(1),A,Label:15N(1) (A)
0.997035,2,Label:15N(1),C,Label:15N(1) (C)
0.997035,2,Label:15N(1),D,Label:15N(1) (D)
0.997035,2,Label:15N(1),E,Label:15N(1) (E)
0.997035,2,Label:15N(1),F,Label:15N(1) (F)
0.997035,2,Label:15N(1),G,Label:15N(1) (G)
0.997035,2,Label:15N(1),I,Label:15N(1) (I)
0.997035,2,Label:15N(1),L,Label:15N(1) (L)
0.997035,2,Label:15N(1),M,Label:15N(1) (M)
0.997035,2,Label:15N(1),P,Label:15N(1) (P)
0.997035,2,Label:15N(1),S,Label:15N(1) (S)
0.997035,2,Label:15N(1),T,Label:15N(1) (T)
0.997035,2,Label:15N(1),V,Label:15N(1) (V)
0.997035,2,Label:15N(1),Y,Label:15N(1) (Y)
1.99407,2,Label:15N(2),K,Label:15N(2) (K)
1.99407,2,Label:15N(2),N,Label:15N(2) (N)
1.99407,2,Label:15N(2),Q,Label:15N(2) (Q)
1.99407,2,Label:15N(2),W,Label:15N(2) (W)
2.991105,2,Label:15N(3),H,Label:15N(3) (H)
3.98814,2,Label:15N(4),R,Label:15N(4) (R)
14.01565,4,Methyl,C-term,Methyl (C-term)
14.01565,2,Methyl,E,Methyl (E)
14.01565,2,Methyl,H,Methyl (H)
14.01565,2,Methyl,K,Methyl (K)
14.01565,2,Methyl,R,Methyl (R)
99.068414,2,NIPCAM,C,NIPCAM (C)
44.985078,2,Nitro,Y,Nitro (Y)
15.994915,2,Oxidation,M,Oxidation (M)
15.994915,2,Oxidation,P,Oxidation (P)
15.994915,2,Oxidation,PWY,Oxidation (PWY)
15.994915,2,Oxidation,W,Oxidation (W)
15.994915,2,Oxidation,Y,Oxidation (Y)
79.966331,2,Phospho,Y,Phospho (Y)
79.966331,2,Phospho,ST,Phospho (ST)
79.966331,2,Phospho,STY,Phospho (STY)
71.037114,2,Propionamide,C,Propionamide (C)
224.152478,2,TMT,K,TMT (K)
224.152478,5,TMT,N-term,TMT (N-term)
224.152478,3,TMT,N-term,TMT (N-term)
225.155833,2,TMT2plex,K,TMT2plex (K)
225.155833,5,TMT2plex,N-term,TMT2plex (N-term)
225.155833,3,TMT2plex,N-term,TMT2plex (N-term)
229.162932,2,TMT6plex,K,TMT6plex (K)
229.162932,5,TMT6plex,N-term,TMT6plex (N-term)
229.162932,3,TMT6plex,N-term,TMT6plex (N-term)
